post_id,text,timestamp,hashtags,likes,shares,comments,sentiment,topic
1,People are discussing climate change,2026-04-04 21:00:00,#Environment #ClimateChange,2011,457,142,Positive,Environment
2,People are discussing climate change,2026-07-06 03:00:00,#Environment #ClimateChange,717,1209,432,Negative,Environment
3,AI is transforming the way we learn and work,2026-03-21 09:00:00,#AI #ArtificialIntelligence,4144,1232,27,Positive,Artificial Intelligence
4,This new movie is trending everywhere,2026-08-28 09:00:00,#Entertainment #Movies,4469,859,225,Negative,Entertainment
5,That was an incredible performance,2026-01-03 05:00:00,#Sports #Trending,1312,1429,432,Positive,Sports
6,The latest tech trends are everywhere,2026-04-25 21:00:00,#Technology #Tech,842,189,389,Positive,Technology
7,The future of AI looks exciting,2026-07-26 01:00:00,#AI #ArtificialIntelligence,2171,88,747,Neutral,Artificial Intelligence
8,That was an incredible performance,2026-05-10 04:00:00,#Sports #Trending,650,1130,300,Positive,Sports
9,Protecting the environment is everyone's responsibility,2026-05-04 10:00:00,#Environment #ClimateChange,4734,393,721,Neutral,Environment
10,AI is transforming the way we learn and work,2026-04-09 18:00:00,#AI #ArtificialIntelligence,658,476,103,Negative,Artificial Intelligence
11,Fans are loving this season,2026-05-05 12:00:00,#Sports #Trending,1337,758,363,Positive,Sports
12,Digital classrooms are becoming popular,2026-08-22 07:00:00,#Education #EdTech,589,1247,650,Positive,Education
13,Digital classrooms are becoming popular,2026-02-25 18:00:00,#Education #EdTech,3791,777,276,Negative,Education
14,Protecting the environment is everyone's responsibility,2026-08-22 16:00:00,#Environment #ClimateChange,2661,114,234,Negative,Environment
15,The future of AI looks exciting,2026-01-23 14:00:00,#AI #ArtificialIntelligence,1733,1161,735,Positive,Artificial Intelligence
16,New technology is changing our daily lives,2026-05-16 01:00:00,#Technology #Tech,3763,292,271,Negative,Technology
17,Online learning is making education more accessible,2026-07-03 23:00:00,#Education #EdTech,2157,1197,438,Negative,Education
18,The latest series has everyone talking,2026-02-17 05:00:00,#Entertainment #Movies,4179,1010,93,Positive,Entertainment
19,AI is transforming the way we learn and work,2026-02-24 14:00:00,#AI #ArtificialIntelligence,3463,1221,65,Positive,Artificial Intelligence
20,Fans are loving this season,2026-06-09 18:00:00,#Sports #Trending,4339,514,566,Negative,Sports
21,Everyone is talking about generative AI,2026-08-21 16:00:00,#AI #ArtificialIntelligence,4403,546,787,Negative,Artificial Intelligence
22,Sustainable living is becoming a major trend,2026-05-29 09:00:00,#Environment #ClimateChange,1300,929,3,Positive,Environment
23,Protecting the environment is everyone's responsibility,2026-06-20 20:00:00,#Environment #ClimateChange,1468,1039,108,Positive,Environment
24,Sustainable living is becoming a major trend,2026-06-23 06:00:00,#Environment #ClimateChange,4993,407,156,Neutral,Environment
25,New technology is changing our daily lives,2026-07-01 00:00:00,#Technology #Tech,9,1226,331,Positive,Technology
26,What an exciting match today,2026-05-04 21:00:00,#Sports #Trending,2524,490,59,Positive,Sports
27,Digital classrooms are becoming popular,2026-01-30 05:00:00,#Education #EdTech,3986,141,778,Neutral,Education
28,This new movie is trending everywhere,2026-06-12 05:00:00,#Entertainment #Movies,4508,338,271,Positive,Entertainment
29,What a fantastic entertainment release,2026-03-14 07:00:00,#Entertainment #Movies,4422,1494,706,Positive,Entertainment
30,Digital classrooms are becoming popular,2026-08-18 06:00:00,#Education #EdTech,3064,897,529,Positive,Education
31,What an exciting match today,2026-01-22 20:00:00,#Sports #Trending,2774,43,602,Positive,Sports
32,This new movie is trending everywhere,2026-01-03 10:00:00,#Entertainment #Movies,586,1449,646,Negative,Entertainment
33,AI is transforming the way we learn and work,2026-01-11 17:00:00,#AI #ArtificialIntelligence,2711,145,526,Positive,Artificial Intelligence
34,Students are using technology for better learning,2026-03-15 03:00:00,#Education #EdTech,4422,270,740,Negative,Education
35,What a fantastic entertainment release,2026-06-11 10:00:00,#Entertainment #Movies,3339,389,96,Positive,Entertainment
36,Everyone is talking about generative AI,2026-05-25 13:00:00,#AI #ArtificialIntelligence,3372,956,746,Positive,Artificial Intelligence
37,Everyone is talking about generative AI,2026-08-09 13:00:00,#AI #ArtificialIntelligence,811,124,412,Negative,Artificial Intelligence
38,Sustainable living is becoming a major trend,2026-02-07 07:00:00,#Environment #ClimateChange,2041,392,194,Neutral,Environment
39,The latest series has everyone talking,2026-03-04 15:00:00,#Entertainment #Movies,2286,947,255,Positive,Entertainment
40,The future of AI looks exciting,2026-07-07 20:00:00,#AI #ArtificialIntelligence,807,103,667,Neutral,Artificial Intelligence
41,This new movie is trending everywhere,2026-03-22 16:00:00,#Entertainment #Movies,1367,832,497,Neutral,Entertainment
42,What an exciting match today,2026-01-21 00:00:00,#Sports #Trending,1353,776,2,Neutral,Sports
43,Fans are loving this season,2026-06-05 07:00:00,#Sports #Trending,2341,866,713,Neutral,Sports
44,Protecting the environment is everyone's responsibility,2026-06-16 02:00:00,#Environment #ClimateChange,1273,388,303,Negative,Environment
45,Online learning is making education more accessible,2026-07-05 01:00:00,#Education #EdTech,504,642,58,Negative,Education
46,Everyone is talking about generative AI,2026-07-01 06:00:00,#AI #ArtificialIntelligence,1294,116,520,Positive,Artificial Intelligence
47,AI is transforming the way we learn and work,2026-01-24 04:00:00,#AI #ArtificialIntelligence,1931,826,122,Positive,Artificial Intelligence
48,This new movie is trending everywhere,2026-01-14 13:00:00,#Entertainment #Movies,676,858,673,Negative,Entertainment
49,What a fantastic entertainment release,2026-03-31 00:00:00,#Entertainment #Movies,1678,1371,733,Positive,Entertainment
50,New technology is changing our daily lives,2026-02-14 16:00:00,#Technology #Tech,2462,936,323,Positive,Technology
51,AI is transforming the way we learn and work,2026-07-12 04:00:00,#AI #ArtificialIntelligence,824,150,550,Positive,Artificial Intelligence
52,Digital classrooms are becoming popular,2026-04-30 03:00:00,#Education #EdTech,568,500,378,Positive,Education
53,New technology is changing our daily lives,2026-07-05 10:00:00,#Technology #Tech,2483,1252,669,Positive,Technology
54,This new movie is trending everywhere,2026-07-09 07:00:00,#Entertainment #Movies,2457,1358,106,Negative,Entertainment
55,Students are using technology for better learning,2026-02-06 12:00:00,#Education #EdTech,4537,318,278,Positive,Education
56,Smart devices are getting more powerful,2026-04-28 00:00:00,#Technology #Tech,1672,1407,649,Positive,Technology
57,Smart devices are getting more powerful,2026-01-18 08:00:00,#Technology #Tech,761,1299,433,Positive,Technology
58,New technology is changing our daily lives,2026-02-14 15:00:00,#Technology #Tech,2150,330,759,Positive,Technology
59,That was an incredible performance,2026-07-11 10:00:00,#Sports #Trending,84,229,77,Negative,Sports
60,People are discussing climate change,2026-05-07 00:00:00,#Environment #ClimateChange,4776,1131,151,Positive,Environment
61,What an exciting match today,2026-05-05 11:00:00,#Sports #Trending,331,732,215,Positive,Sports
62,People are discussing climate change,2026-05-01 17:00:00,#Environment #ClimateChange,4591,832,635,Negative,Environment
63,People are discussing climate change,2026-03-22 19:00:00,#Environment #ClimateChange,1336,362,422,Neutral,Environment
64,AI is transforming the way we learn and work,2026-04-24 09:00:00,#AI #ArtificialIntelligence,3377,1371,752,Negative,Artificial Intelligence
65,Students are using technology for better learning,2026-08-28 08:00:00,#Education #EdTech,890,783,39,Positive,Education
66,What an exciting match today,2026-06-07 02:00:00,#Sports #Trending,2869,625,233,Positive,Sports
67,Online learning is making education more accessible,2026-05-17 00:00:00,#Education #EdTech,2694,570,71,Negative,Education
68,The latest tech trends are everywhere,2026-05-17 10:00:00,#Technology #Tech,4397,678,28,Negative,Technology
69,The future of AI looks exciting,2026-04-01 14:00:00,#AI #ArtificialIntelligence,318,222,610,Positive,Artificial Intelligence
70,Fans are loving this season,2026-04-18 01:00:00,#Sports #Trending,3579,1241,523,Negative,Sports
71,The future of AI looks exciting,2026-03-06 21:00:00,#AI #ArtificialIntelligence,2091,90,725,Neutral,Artificial Intelligence
72,What an exciting match today,2026-07-03 18:00:00,#Sports #Trending,1619,745,441,Positive,Sports
73,Everyone is talking about generative AI,2026-08-01 16:00:00,#AI #ArtificialIntelligence,2576,1358,127,Neutral,Artificial Intelligence
74,Sustainable living is becoming a major trend,2026-08-16 15:00:00,#Environment #ClimateChange,3350,668,412,Positive,Environment
75,Sustainable living is becoming a major trend,2026-03-07 11:00:00,#Environment #ClimateChange,3449,1361,388,Negative,Environment
76,Protecting the environment is everyone's responsibility,2026-07-30 02:00:00,#Environment #ClimateChange,4667,616,415,Neutral,Environment
77,This new movie is trending everywhere,2026-03-13 17:00:00,#Entertainment #Movies,3526,1187,621,Positive,Entertainment
78,Sustainable living is becoming a major trend,2026-05-31 22:00:00,#Environment #ClimateChange,1755,1046,484,Positive,Environment
79,People are discussing climate change,2026-04-07 20:00:00,#Environment #ClimateChange,4227,1359,648,Negative,Environment
80,The latest series has everyone talking,2026-03-22 04:00:00,#Entertainment #Movies,2547,460,203,Positive,Entertainment
81,Online learning is making education more accessible,2026-06-12 04:00:00,#Education #EdTech,601,932,424,Positive,Education
82,Protecting the environment is everyone's responsibility,2026-08-26 16:00:00,#Environment #ClimateChange,3150,1012,409,Positive,Environment
83,Online learning is making education more accessible,2026-01-02 21:00:00,#Education #EdTech,878,870,224,Negative,Education
84,Digital classrooms are becoming popular,2026-01-18 03:00:00,#Education #EdTech,4571,510,124,Positive,Education
85,What an exciting match today,2026-08-16 20:00:00,#Sports #Trending,4356,1144,609,Neutral,Sports
86,The latest tech trends are everywhere,2026-06-22 07:00:00,#Technology #Tech,3500,1122,456,Negative,Technology
87,Digital classrooms are becoming popular,2026-06-03 14:00:00,#Education #EdTech,2128,506,652,Neutral,Education
88,Smart devices are getting more powerful,2026-03-23 15:00:00,#Technology #Tech,2254,900,79,Positive,Technology
89,Sustainable living is becoming a major trend,2026-04-25 15:00:00,#Environment #ClimateChange,2624,1106,82,Positive,Environment
90,Online learning is making education more accessible,2026-08-25 20:00:00,#Education #EdTech,1256,1446,219,Positive,Education
91,The future of AI looks exciting,2026-07-05 05:00:00,#AI #ArtificialIntelligence,3821,851,63,Positive,Artificial Intelligence
92,Students are using technology for better learning,2026-07-19 08:00:00,#Education #EdTech,165,1179,389,Positive,Education
93,What an exciting match today,2026-04-12 22:00:00,#Sports #Trending,3199,858,551,Neutral,Sports
94,Protecting the environment is everyone's responsibility,2026-07-25 21:00:00,#Environment #ClimateChange,1811,999,224,Positive,Environment
95,The latest tech trends are everywhere,2026-05-13 17:00:00,#Technology #Tech,2758,1369,695,Positive,Technology
96,That was an incredible performance,2026-06-09 12:00:00,#Sports #Trending,1050,1274,546,Positive,Sports
97,The future of AI looks exciting,2026-08-15 07:00:00,#AI #ArtificialIntelligence,227,171,658,Negative,Artificial Intelligence
98,What an exciting match today,2026-03-04 00:00:00,#Sports #Trending,416,532,388,Neutral,Sports
99,New technology is changing our daily lives,2026-04-26 04:00:00,#Technology #Tech,3110,569,770,Positive,Technology
100,Fans are loving this season,2026-06-10 12:00:00,#Sports #Trending,163,1104,53,Neutral,Sports
101,New technology is changing our daily lives,2026-08-11 11:00:00,#Technology #Tech,334,63,253,Negative,Technology
102,Online learning is making education more accessible,2026-03-23 10:00:00,#Education #EdTech,1039,969,685,Negative,Education
103,Everyone is talking about generative AI,2026-06-08 17:00:00,#AI #ArtificialIntelligence,2104,755,171,Neutral,Artificial Intelligence
104,What a fantastic entertainment release,2026-02-09 02:00:00,#Entertainment #Movies,1346,637,110,Neutral,Entertainment
105,This new movie is trending everywhere,2026-07-16 12:00:00,#Entertainment #Movies,3079,812,732,Neutral,Entertainment
106,Online learning is making education more accessible,2026-08-03 02:00:00,#Education #EdTech,1994,208,713,Negative,Education
107,Smart devices are getting more powerful,2026-02-11 07:00:00,#Technology #Tech,4641,84,355,Negative,Technology
108,The latest series has everyone talking,2026-01-24 12:00:00,#Entertainment #Movies,4149,1326,349,Negative,Entertainment
109,The future of AI looks exciting,2026-02-06 00:00:00,#AI #ArtificialIntelligence,3556,741,650,Neutral,Artificial Intelligence
110,That was an incredible performance,2026-03-02 02:00:00,#Sports #Trending,4279,1332,276,Positive,Sports
111,What a fantastic entertainment release,2026-06-08 16:00:00,#Entertainment #Movies,3573,1497,606,Neutral,Entertainment
112,The latest tech trends are everywhere,2026-01-30 13:00:00,#Technology #Tech,2289,923,249,Neutral,Technology
113,That was an incredible performance,2026-05-10 08:00:00,#Sports #Trending,2760,58,506,Negative,Sports
114,New technology is changing our daily lives,2026-05-02 02:00:00,#Technology #Tech,2121,697,286,Positive,Technology
115,What a fantastic entertainment release,2026-07-09 17:00:00,#Entertainment #Movies,88,1058,195,Neutral,Entertainment
116,AI is transforming the way we learn and work,2026-06-16 18:00:00,#AI #ArtificialIntelligence,4553,492,707,Negative,Artificial Intelligence
117,That was an incredible performance,2026-06-02 23:00:00,#Sports #Trending,146,190,301,Negative,Sports
118,Students are using technology for better learning,2026-04-15 12:00:00,#Education #EdTech,4769,755,484,Negative,Education
119,What a fantastic entertainment release,2026-07-07 20:00:00,#Entertainment #Movies,2714,720,719,Positive,Entertainment
120,Fans are loving this season,2026-03-20 16:00:00,#Sports #Trending,993,1477,197,Positive,Sports
121,New technology is changing our daily lives,2026-08-24 13:00:00,#Technology #Tech,1521,392,221,Negative,Technology
122,Sustainable living is becoming a major trend,2026-07-21 05:00:00,#Environment #ClimateChange,4302,1222,289,Positive,Environment
123,AI is transforming the way we learn and work,2026-05-04 04:00:00,#AI #ArtificialIntelligence,1474,619,14,Positive,Artificial Intelligence
124,Protecting the environment is everyone's responsibility,2026-01-16 12:00:00,#Environment #ClimateChange,451,1133,299,Positive,Environment
125,People are discussing climate change,2026-06-17 13:00:00,#Environment #ClimateChange,845,25,587,Negative,Environment
126,The latest tech trends are everywhere,2026-04-27 07:00:00,#Technology #Tech,1515,105,258,Positive,Technology
127,What an exciting match today,2026-05-17 18:00:00,#Sports #Trending,4033,151,590,Neutral,Sports
128,Protecting the environment is everyone's responsibility,2026-02-20 22:00:00,#Environment #ClimateChange,4615,622,87,Positive,Environment
129,Online learning is making education more accessible,2026-05-23 01:00:00,#Education #EdTech,4971,1220,633,Negative,Education
130,Digital classrooms are becoming popular,2026-06-01 02:00:00,#Education #EdTech,2440,1205,439,Positive,Education
131,Smart devices are getting more powerful,2026-07-28 02:00:00,#Technology #Tech,817,425,640,Negative,Technology
132,Students are using technology for better learning,2026-02-23 14:00:00,#Education #EdTech,1969,355,565,Negative,Education
133,AI is transforming the way we learn and work,2026-06-03 18:00:00,#AI #ArtificialIntelligence,4869,962,298,Positive,Artificial Intelligence
134,AI is transforming the way we learn and work,2026-04-07 12:00:00,#AI #ArtificialIntelligence,3724,145,703,Positive,Artificial Intelligence
135,Students are using technology for better learning,2026-08-02 08:00:00,#Education #EdTech,4836,1354,202,Neutral,Education
136,What an exciting match today,2026-08-10 01:00:00,#Sports #Trending,1225,544,145,Positive,Sports
137,AI is transforming the way we learn and work,2026-04-15 23:00:00,#AI #ArtificialIntelligence,4879,1165,295,Positive,Artificial Intelligence
138,What an exciting match today,2026-04-14 19:00:00,#Sports #Trending,3302,557,512,Positive,Sports
139,The latest series has everyone talking,2026-07-24 03:00:00,#Entertainment #Movies,331,884,752,Positive,Entertainment
140,Smart devices are getting more powerful,2026-02-01 04:00:00,#Technology #Tech,1880,1380,589,Positive,Technology
141,This new movie is trending everywhere,2026-08-18 11:00:00,#Entertainment #Movies,2212,1180,41,Neutral,Entertainment
142,Students are using technology for better learning,2026-05-31 22:00:00,#Education #EdTech,2283,371,599,Positive,Education
143,That was an incredible performance,2026-02-01 03:00:00,#Sports #Trending,3855,712,418,Neutral,Sports
144,The latest tech trends are everywhere,2026-02-24 21:00:00,#Technology #Tech,2706,843,710,Negative,Technology
145,Fans are loving this season,2026-05-17 16:00:00,#Sports #Trending,4511,75,465,Negative,Sports
146,The future of AI looks exciting,2026-02-09 13:00:00,#AI #ArtificialIntelligence,3316,1053,1,Positive,Artificial Intelligence
147,Protecting the environment is everyone's responsibility,2026-01-19 12:00:00,#Environment #ClimateChange,1541,1061,370,Positive,Environment
148,The latest series has everyone talking,2026-01-18 14:00:00,#Entertainment #Movies,1672,546,562,Negative,Entertainment
149,Students are using technology for better learning,2026-08-27 08:00:00,#Education #EdTech,3975,248,29,Positive,Education
150,Protecting the environment is everyone's responsibility,2026-02-24 01:00:00,#Environment #ClimateChange,2550,1128,14,Neutral,Environment
151,The latest series has everyone talking,2026-02-08 17:00:00,#Entertainment #Movies,3785,240,663,Positive,Entertainment
152,Students are using technology for better learning,2026-04-10 14:00:00,#Education #EdTech,4173,1444,279,Neutral,Education
153,Fans are loving this season,2026-03-25 04:00:00,#Sports #Trending,3746,1128,148,Neutral,Sports
154,What an exciting match today,2026-06-23 11:00:00,#Sports #Trending,1123,142,282,Neutral,Sports
155,Fans are loving this season,2026-06-23 07:00:00,#Sports #Trending,2193,5,289,Neutral,Sports
156,Sustainable living is becoming a major trend,2026-07-17 22:00:00,#Environment #ClimateChange,4016,304,457,Neutral,Environment
157,The latest series has everyone talking,2026-07-08 09:00:00,#Entertainment #Movies,4456,772,466,Positive,Entertainment
158,New technology is changing our daily lives,2026-03-23 12:00:00,#Technology #Tech,4689,784,239,Neutral,Technology
159,What an exciting match today,2026-06-11 10:00:00,#Sports #Trending,3128,790,679,Positive,Sports
160,People are discussing climate change,2026-01-13 15:00:00,#Environment #ClimateChange,1039,1028,604,Positive,Environment
161,New technology is changing our daily lives,2026-05-31 06:00:00,#Technology #Tech,821,1077,467,Neutral,Technology
162,Everyone is talking about generative AI,2026-08-12 11:00:00,#AI #ArtificialIntelligence,1269,153,480,Positive,Artificial Intelligence
163,The latest tech trends are everywhere,2026-05-16 16:00:00,#Technology #Tech,662,672,690,Negative,Technology
164,The latest series has everyone talking,2026-08-02 22:00:00,#Entertainment #Movies,4002,1108,36,Neutral,Entertainment
165,This new movie is trending everywhere,2026-08-22 14:00:00,#Entertainment #Movies,2359,465,764,Positive,Entertainment
166,The future of AI looks exciting,2026-08-05 07:00:00,#AI #ArtificialIntelligence,828,908,170,Neutral,Artificial Intelligence
167,Sustainable living is becoming a major trend,2026-01-16 16:00:00,#Environment #ClimateChange,2662,114,300,Neutral,Environment
168,The latest tech trends are everywhere,2026-03-25 08:00:00,#Technology #Tech,4356,843,579,Positive,Technology
169,People are discussing climate change,2026-01-27 22:00:00,#Environment #ClimateChange,4997,783,634,Positive,Environment
170,People are discussing climate change,2026-07-19 01:00:00,#Environment #ClimateChange,1177,475,472,Positive,Environment
171,Sustainable living is becoming a major trend,2026-08-16 14:00:00,#Environment #ClimateChange,81,952,294,Positive,Environment
172,Protecting the environment is everyone's responsibility,2026-05-31 18:00:00,#Environment #ClimateChange,2835,1203,306,Positive,Environment
173,Sustainable living is becoming a major trend,2026-06-05 22:00:00,#Environment #ClimateChange,2479,407,393,Negative,Environment
174,What an exciting match today,2026-07-15 05:00:00,#Sports #Trending,2945,1177,302,Positive,Sports
175,Sustainable living is becoming a major trend,2026-08-13 16:00:00,#Environment #ClimateChange,3247,562,8,Positive,Environment
176,What a fantastic entertainment release,2026-01-17 17:00:00,#Entertainment #Movies,4972,1017,293,Neutral,Entertainment
177,Digital classrooms are becoming popular,2026-03-16 18:00:00,#Education #EdTech,1562,1271,256,Neutral,Education
178,Protecting the environment is everyone's responsibility,2026-08-21 09:00:00,#Environment #ClimateChange,1125,1286,99,Neutral,Environment
179,Protecting the environment is everyone's responsibility,2026-05-31 11:00:00,#Environment #ClimateChange,278,1186,373,Positive,Environment
180,People are discussing climate change,2026-04-11 17:00:00,#Environment #ClimateChange,2681,850,179,Positive,Environment
181,Online learning is making education more accessible,2026-05-05 21:00:00,#Education #EdTech,4353,1027,279,Neutral,Education
182,Students are using technology for better learning,2026-06-14 11:00:00,#Education #EdTech,2422,693,117,Neutral,Education
183,What an exciting match today,2026-03-19 00:00:00,#Sports #Trending,3260,1141,374,Positive,Sports
184,The future of AI looks exciting,2026-07-03 03:00:00,#AI #ArtificialIntelligence,1017,931,377,Positive,Artificial Intelligence
185,Protecting the environment is everyone's responsibility,2026-07-19 12:00:00,#Environment #ClimateChange,3126,1307,380,Negative,Environment
186,Everyone is talking about generative AI,2026-01-09 13:00:00,#AI #ArtificialIntelligence,4604,671,624,Positive,Artificial Intelligence
187,Digital classrooms are becoming popular,2026-06-08 11:00:00,#Education #EdTech,2480,1329,418,Positive,Education
188,AI is transforming the way we learn and work,2026-01-13 16:00:00,#AI #ArtificialIntelligence,2498,1008,118,Positive,Artificial Intelligence
189,AI is transforming the way we learn and work,2026-02-16 07:00:00,#AI #ArtificialIntelligence,3188,929,379,Neutral,Artificial Intelligence
190,Protecting the environment is everyone's responsibility,2026-07-04 09:00:00,#Environment #ClimateChange,3438,1202,760,Negative,Environment
191,People are discussing climate change,2026-08-12 13:00:00,#Environment #ClimateChange,816,1002,630,Neutral,Environment
192,Fans are loving this season,2026-05-07 11:00:00,#Sports #Trending,1784,908,455,Positive,Sports
193,Students are using technology for better learning,2026-08-23 01:00:00,#Education #EdTech,3014,1115,660,Positive,Education
194,New technology is changing our daily lives,2026-03-06 18:00:00,#Technology #Tech,1005,931,93,Positive,Technology
195,People are discussing climate change,2026-07-23 19:00:00,#Environment #ClimateChange,179,103,341,Negative,Environment
196,Online learning is making education more accessible,2026-03-12 01:00:00,#Education #EdTech,567,1135,212,Neutral,Education
197,This new movie is trending everywhere,2026-03-21 12:00:00,#Entertainment #Movies,2696,302,610,Neutral,Entertainment
198,The future of AI looks exciting,2026-02-19 09:00:00,#AI #ArtificialIntelligence,1069,1106,256,Neutral,Artificial Intelligence
199,Online learning is making education more accessible,2026-01-09 19:00:00,#Education #EdTech,1084,30,366,Negative,Education
200,Digital classrooms are becoming popular,2026-03-01 11:00:00,#Education #EdTech,2178,107,129,Positive,Education
201,Sustainable living is becoming a major trend,2026-01-22 16:00:00,#Environment #ClimateChange,3906,918,796,Positive,Environment
202,Smart devices are getting more powerful,2026-06-04 06:00:00,#Technology #Tech,4132,453,629,Negative,Technology
203,Everyone is talking about generative AI,2026-08-13 21:00:00,#AI #ArtificialIntelligence,4276,617,469,Neutral,Artificial Intelligence
204,People are discussing climate change,2026-06-13 11:00:00,#Environment #ClimateChange,3295,873,702,Positive,Environment
205,The future of AI looks exciting,2026-06-01 09:00:00,#AI #ArtificialIntelligence,607,165,329,Negative,Artificial Intelligence
206,This new movie is trending everywhere,2026-04-04 20:00:00,#Entertainment #Movies,4800,1123,729,Positive,Entertainment
207,The latest tech trends are everywhere,2026-07-01 02:00:00,#Technology #Tech,2420,929,517,Neutral,Technology
208,The latest series has everyone talking,2026-08-28 12:00:00,#Entertainment #Movies,942,1340,666,Positive,Entertainment
209,What a fantastic entertainment release,2026-05-27 19:00:00,#Entertainment #Movies,3704,467,423,Neutral,Entertainment
210,The latest tech trends are everywhere,2026-02-02 10:00:00,#Technology #Tech,2565,874,320,Positive,Technology
211,Sustainable living is becoming a major trend,2026-02-22 02:00:00,#Environment #ClimateChange,3890,137,93,Positive,Environment
212,AI is transforming the way we learn and work,2026-05-08 04:00:00,#AI #ArtificialIntelligence,1070,1139,61,Positive,Artificial Intelligence
213,What a fantastic entertainment release,2026-08-17 16:00:00,#Entertainment #Movies,1006,841,362,Negative,Entertainment
214,Sustainable living is becoming a major trend,2026-01-18 13:00:00,#Environment #ClimateChange,2361,1229,319,Neutral,Environment
215,New technology is changing our daily lives,2026-03-14 14:00:00,#Technology #Tech,1272,1344,493,Negative,Technology
216,Online learning is making education more accessible,2026-07-09 20:00:00,#Education #EdTech,3016,235,780,Positive,Education
217,Smart devices are getting more powerful,2026-05-27 11:00:00,#Technology #Tech,4600,1273,628,Positive,Technology
218,Protecting the environment is everyone's responsibility,2026-07-27 20:00:00,#Environment #ClimateChange,2195,59,184,Negative,Environment
219,Smart devices are getting more powerful,2026-04-26 23:00:00,#Technology #Tech,2880,12,185,Neutral,Technology
220,Digital classrooms are becoming popular,2026-01-24 18:00:00,#Education #EdTech,1167,1296,31,Negative,Education
221,Everyone is talking about generative AI,2026-05-09 09:00:00,#AI #ArtificialIntelligence,3444,929,349,Positive,Artificial Intelligence
222,Students are using technology for better learning,2026-04-21 17:00:00,#Education #EdTech,4654,1221,86,Positive,Education
223,AI is transforming the way we learn and work,2026-07-30 21:00:00,#AI #ArtificialIntelligence,412,1380,83,Positive,Artificial Intelligence
224,The latest tech trends are everywhere,2026-06-15 18:00:00,#Technology #Tech,4978,905,424,Negative,Technology
225,New technology is changing our daily lives,2026-02-08 20:00:00,#Technology #Tech,2832,880,113,Neutral,Technology
226,Smart devices are getting more powerful,2026-06-16 02:00:00,#Technology #Tech,4321,1366,315,Negative,Technology
227,AI is transforming the way we learn and work,2026-07-24 13:00:00,#AI #ArtificialIntelligence,453,15,209,Positive,Artificial Intelligence
228,New technology is changing our daily lives,2026-03-29 05:00:00,#Technology #Tech,2376,671,122,Neutral,Technology
229,The future of AI looks exciting,2026-03-01 23:00:00,#AI #ArtificialIntelligence,1063,778,545,Negative,Artificial Intelligence
230,People are discussing climate change,2026-08-17 00:00:00,#Environment #ClimateChange,2906,147,406,Positive,Environment
231,People are discussing climate change,2026-06-06 22:00:00,#Environment #ClimateChange,642,641,589,Positive,Environment
232,That was an incredible performance,2026-08-07 12:00:00,#Sports #Trending,3426,592,117,Positive,Sports
233,What an exciting match today,2026-02-28 15:00:00,#Sports #Trending,3774,1412,370,Neutral,Sports
234,The future of AI looks exciting,2026-03-25 01:00:00,#AI #ArtificialIntelligence,3574,1206,410,Neutral,Artificial Intelligence
235,This new movie is trending everywhere,2026-04-16 21:00:00,#Entertainment #Movies,2786,453,341,Positive,Entertainment
236,Online learning is making education more accessible,2026-02-08 22:00:00,#Education #EdTech,4351,1044,198,Positive,Education
237,The latest tech trends are everywhere,2026-08-09 07:00:00,#Technology #Tech,1214,483,105,Negative,Technology
238,Students are using technology for better learning,2026-07-25 14:00:00,#Education #EdTech,1257,1342,77,Positive,Education
239,Digital classrooms are becoming popular,2026-07-12 10:00:00,#Education #EdTech,4752,919,697,Positive,Education
240,What a fantastic entertainment release,2026-08-02 04:00:00,#Entertainment #Movies,2652,1284,323,Negative,Entertainment
241,Students are using technology for better learning,2026-05-31 22:00:00,#Education #EdTech,2485,562,605,Positive,Education
242,The future of AI looks exciting,2026-04-16 22:00:00,#AI #ArtificialIntelligence,3787,925,38,Positive,Artificial Intelligence
243,The future of AI looks exciting,2026-01-27 04:00:00,#AI #ArtificialIntelligence,744,1259,608,Neutral,Artificial Intelligence
244,The latest series has everyone talking,2026-07-09 04:00:00,#Entertainment #Movies,341,921,585,Positive,Entertainment
245,People are discussing climate change,2026-06-12 08:00:00,#Environment #ClimateChange,4112,308,63,Positive,Environment
246,What an exciting match today,2026-04-28 05:00:00,#Sports #Trending,695,1033,661,Neutral,Sports
247,Online learning is making education more accessible,2026-05-30 10:00:00,#Education #EdTech,3604,1073,535,Positive,Education
248,This new movie is trending everywhere,2026-04-07 13:00:00,#Entertainment #Movies,3178,837,793,Positive,Entertainment
249,Smart devices are getting more powerful,2026-08-04 08:00:00,#Technology #Tech,2746,134,337,Negative,Technology
250,Everyone is talking about generative AI,2026-04-07 23:00:00,#AI #ArtificialIntelligence,2069,1482,672,Negative,Artificial Intelligence
251,This new movie is trending everywhere,2026-07-18 21:00:00,#Entertainment #Movies,1163,716,317,Positive,Entertainment
252,Protecting the environment is everyone's responsibility,2026-02-14 00:00:00,#Environment #ClimateChange,4879,1451,86,Negative,Environment
253,Smart devices are getting more powerful,2026-04-23 02:00:00,#Technology #Tech,1051,1372,719,Positive,Technology
254,Protecting the environment is everyone's responsibility,2026-02-01 21:00:00,#Environment #ClimateChange,3473,1041,370,Neutral,Environment
255,The future of AI looks exciting,2026-03-15 02:00:00,#AI #ArtificialIntelligence,2804,995,196,Positive,Artificial Intelligence
256,Online learning is making education more accessible,2026-04-11 23:00:00,#Education #EdTech,833,1039,789,Positive,Education
257,What a fantastic entertainment release,2026-01-13 21:00:00,#Entertainment #Movies,2763,1265,134,Neutral,Entertainment
258,The latest series has everyone talking,2026-03-03 17:00:00,#Entertainment #Movies,1361,1476,448,Positive,Entertainment
259,The future of AI looks exciting,2026-03-23 01:00:00,#AI #ArtificialIntelligence,3643,1250,291,Positive,Artificial Intelligence
260,Sustainable living is becoming a major trend,2026-03-23 15:00:00,#Environment #ClimateChange,2540,960,198,Positive,Environment
261,Smart devices are getting more powerful,2026-05-31 09:00:00,#Technology #Tech,3787,577,796,Neutral,Technology
262,That was an incredible performance,2026-02-25 07:00:00,#Sports #Trending,1640,1238,141,Positive,Sports
263,New technology is changing our daily lives,2026-05-07 16:00:00,#Technology #Tech,4547,210,728,Negative,Technology
264,This new movie is trending everywhere,2026-02-24 17:00:00,#Entertainment #Movies,2239,920,525,Positive,Entertainment
265,Students are using technology for better learning,2026-03-17 18:00:00,#Education #EdTech,3700,715,27,Positive,Education
266,What an exciting match today,2026-05-08 15:00:00,#Sports #Trending,1936,790,83,Positive,Sports
267,New technology is changing our daily lives,2026-02-03 19:00:00,#Technology #Tech,2751,299,140,Positive,Technology
268,The future of AI looks exciting,2026-06-11 06:00:00,#AI #ArtificialIntelligence,1141,1444,480,Neutral,Artificial Intelligence
269,That was an incredible performance,2026-01-28 01:00:00,#Sports #Trending,160,524,220,Positive,Sports
270,Digital classrooms are becoming popular,2026-07-27 19:00:00,#Education #EdTech,4328,866,113,Neutral,Education
271,New technology is changing our daily lives,2026-01-17 07:00:00,#Technology #Tech,1958,859,654,Positive,Technology
272,The latest series has everyone talking,2026-06-20 14:00:00,#Entertainment #Movies,4893,1097,16,Positive,Entertainment
273,Protecting the environment is everyone's responsibility,2026-02-19 00:00:00,#Environment #ClimateChange,2391,879,1,Negative,Environment
274,The latest series has everyone talking,2026-05-23 04:00:00,#Entertainment #Movies,1539,1360,684,Positive,Entertainment
275,Everyone is talking about generative AI,2026-01-24 02:00:00,#AI #ArtificialIntelligence,4314,1114,519,Neutral,Artificial Intelligence
276,What a fantastic entertainment release,2026-06-10 11:00:00,#Entertainment #Movies,361,1301,396,Positive,Entertainment
277,The latest tech trends are everywhere,2026-05-02 21:00:00,#Technology #Tech,558,706,246,Negative,Technology
278,Protecting the environment is everyone's responsibility,2026-07-18 14:00:00,#Environment #ClimateChange,2728,273,45,Negative,Environment
279,Smart devices are getting more powerful,2026-08-08 09:00:00,#Technology #Tech,1439,1402,475,Positive,Technology
280,Sustainable living is becoming a major trend,2026-02-16 00:00:00,#Environment #ClimateChange,521,1466,794,Negative,Environment
281,What an exciting match today,2026-01-15 22:00:00,#Sports #Trending,1639,85,323,Positive,Sports
282,Smart devices are getting more powerful,2026-07-05 08:00:00,#Technology #Tech,3883,518,37,Positive,Technology
283,People are discussing climate change,2026-01-17 07:00:00,#Environment #ClimateChange,2724,559,127,Positive,Environment
284,The latest tech trends are everywhere,2026-05-31 02:00:00,#Technology #Tech,3172,694,191,Neutral,Technology
285,That was an incredible performance,2026-06-27 05:00:00,#Sports #Trending,2189,169,744,Positive,Sports
286,What an exciting match today,2026-03-03 14:00:00,#Sports #Trending,4473,601,328,Positive,Sports
287,AI is transforming the way we learn and work,2026-04-11 21:00:00,#AI #ArtificialIntelligence,2515,913,617,Positive,Artificial Intelligence
288,Sustainable living is becoming a major trend,2026-06-01 12:00:00,#Environment #ClimateChange,2884,915,43,Positive,Environment
289,Sustainable living is becoming a major trend,2026-05-29 11:00:00,#Environment #ClimateChange,2254,1309,58,Negative,Environment
290,Everyone is talking about generative AI,2026-05-05 00:00:00,#AI #ArtificialIntelligence,4208,1391,163,Negative,Artificial Intelligence
291,AI is transforming the way we learn and work,2026-08-20 10:00:00,#AI #ArtificialIntelligence,3594,71,129,Neutral,Artificial Intelligence
292,AI is transforming the way we learn and work,2026-05-06 00:00:00,#AI #ArtificialIntelligence,2971,784,580,Neutral,Artificial Intelligence
293,Everyone is talking about generative AI,2026-06-03 13:00:00,#AI #ArtificialIntelligence,3043,761,454,Positive,Artificial Intelligence
294,Everyone is talking about generative AI,2026-05-06 06:00:00,#AI #ArtificialIntelligence,3265,643,665,Positive,Artificial Intelligence
295,New technology is changing our daily lives,2026-01-09 20:00:00,#Technology #Tech,1529,1022,530,Neutral,Technology
296,That was an incredible performance,2026-03-30 20:00:00,#Sports #Trending,3660,439,626,Positive,Sports
297,Smart devices are getting more powerful,2026-06-17 15:00:00,#Technology #Tech,1644,251,138,Neutral,Technology
298,The future of AI looks exciting,2026-06-01 22:00:00,#AI #ArtificialIntelligence,724,1396,327,Positive,Artificial Intelligence
299,Sustainable living is becoming a major trend,2026-07-07 17:00:00,#Environment #ClimateChange,4446,594,307,Negative,Environment
300,Digital classrooms are becoming popular,2026-08-28 00:00:00,#Education #EdTech,1431,740,520,Negative,Education
301,Online learning is making education more accessible,2026-02-17 09:00:00,#Education #EdTech,1944,1011,26,Neutral,Education
302,Smart devices are getting more powerful,2026-06-09 12:00:00,#Technology #Tech,4524,265,626,Negative,Technology
303,AI is transforming the way we learn and work,2026-06-13 09:00:00,#AI #ArtificialIntelligence,4311,841,787,Positive,Artificial Intelligence
304,That was an incredible performance,2026-04-19 05:00:00,#Sports #Trending,612,921,477,Positive,Sports
305,Protecting the environment is everyone's responsibility,2026-07-08 04:00:00,#Environment #ClimateChange,4820,372,786,Positive,Environment
306,Students are using technology for better learning,2026-01-19 21:00:00,#Education #EdTech,1022,1061,156,Positive,Education
307,New technology is changing our daily lives,2026-03-18 23:00:00,#Technology #Tech,2839,1062,290,Positive,Technology
308,The future of AI looks exciting,2026-07-08 00:00:00,#AI #ArtificialIntelligence,2253,256,640,Positive,Artificial Intelligence
309,Smart devices are getting more powerful,2026-06-21 13:00:00,#Technology #Tech,1386,1212,594,Positive,Technology
310,Online learning is making education more accessible,2026-07-26 13:00:00,#Education #EdTech,2770,1154,42,Negative,Education
311,AI is transforming the way we learn and work,2026-08-07 22:00:00,#AI #ArtificialIntelligence,4729,542,666,Positive,Artificial Intelligence
312,Digital classrooms are becoming popular,2026-08-07 02:00:00,#Education #EdTech,253,1019,642,Positive,Education
313,The latest series has everyone talking,2026-04-14 02:00:00,#Entertainment #Movies,3961,501,701,Negative,Entertainment
314,Fans are loving this season,2026-08-24 01:00:00,#Sports #Trending,495,323,450,Positive,Sports
315,Fans are loving this season,2026-04-27 02:00:00,#Sports #Trending,4974,294,320,Positive,Sports
316,Sustainable living is becoming a major trend,2026-04-28 21:00:00,#Environment #ClimateChange,3271,267,778,Negative,Environment
317,Smart devices are getting more powerful,2026-04-19 22:00:00,#Technology #Tech,1985,955,125,Negative,Technology
318,The latest tech trends are everywhere,2026-02-03 01:00:00,#Technology #Tech,419,594,393,Positive,Technology
319,The latest series has everyone talking,2026-02-24 12:00:00,#Entertainment #Movies,2687,1183,738,Positive,Entertainment
320,New technology is changing our daily lives,2026-06-20 01:00:00,#Technology #Tech,4221,956,510,Neutral,Technology
321,The latest tech trends are everywhere,2026-05-15 05:00:00,#Technology #Tech,4145,936,246,Positive,Technology
322,Digital classrooms are becoming popular,2026-01-18 06:00:00,#Education #EdTech,2309,1013,611,Positive,Education
323,Protecting the environment is everyone's responsibility,2026-07-03 04:00:00,#Environment #ClimateChange,71,220,441,Positive,Environment
324,Students are using technology for better learning,2026-05-18 15:00:00,#Education #EdTech,3002,92,410,Negative,Education
325,Everyone is talking about generative AI,2026-05-04 17:00:00,#AI #ArtificialIntelligence,4537,591,75,Negative,Artificial Intelligence
326,That was an incredible performance,2026-07-07 16:00:00,#Sports #Trending,2296,1276,696,Positive,Sports
327,This new movie is trending everywhere,2026-02-03 00:00:00,#Entertainment #Movies,3231,764,347,Positive,Entertainment
328,The latest series has everyone talking,2026-03-09 22:00:00,#Entertainment #Movies,4940,1042,411,Neutral,Entertainment
329,This new movie is trending everywhere,2026-02-16 18:00:00,#Entertainment #Movies,2733,970,531,Positive,Entertainment
330,What an exciting match today,2026-06-25 23:00:00,#Sports #Trending,1150,671,627,Negative,Sports
331,New technology is changing our daily lives,2026-07-30 10:00:00,#Technology #Tech,2456,1215,344,Positive,Technology
332,What a fantastic entertainment release,2026-07-12 03:00:00,#Entertainment #Movies,2460,972,17,Positive,Entertainment
333,The latest tech trends are everywhere,2026-05-23 04:00:00,#Technology #Tech,4786,630,742,Negative,Technology
334,Protecting the environment is everyone's responsibility,2026-06-11 23:00:00,#Environment #ClimateChange,2180,1342,794,Positive,Environment
335,What a fantastic entertainment release,2026-01-18 12:00:00,#Entertainment #Movies,4785,983,174,Positive,Entertainment
336,What a fantastic entertainment release,2026-05-10 18:00:00,#Entertainment #Movies,1215,1394,248,Negative,Entertainment
337,Everyone is talking about generative AI,2026-02-07 12:00:00,#AI #ArtificialIntelligence,1567,38,451,Neutral,Artificial Intelligence
338,The latest tech trends are everywhere,2026-08-24 16:00:00,#Technology #Tech,1675,840,513,Positive,Technology
339,The latest series has everyone talking,2026-01-22 06:00:00,#Entertainment #Movies,1136,1062,212,Neutral,Entertainment
340,The latest series has everyone talking,2026-06-13 06:00:00,#Entertainment #Movies,4309,771,321,Neutral,Entertainment
341,Students are using technology for better learning,2026-04-27 20:00:00,#Education #EdTech,4480,725,692,Neutral,Education
342,Protecting the environment is everyone's responsibility,2026-08-25 15:00:00,#Environment #ClimateChange,2170,1249,495,Negative,Environment
343,Online learning is making education more accessible,2026-04-12 21:00:00,#Education #EdTech,1847,609,789,Positive,Education
344,Smart devices are getting more powerful,2026-06-16 21:00:00,#Technology #Tech,2602,982,357,Positive,Technology
345,What a fantastic entertainment release,2026-02-11 14:00:00,#Entertainment #Movies,4702,1385,556,Positive,Entertainment
346,Fans are loving this season,2026-02-19 23:00:00,#Sports #Trending,2384,86,294,Neutral,Sports
347,People are discussing climate change,2026-05-31 23:00:00,#Environment #ClimateChange,2105,981,219,Positive,Environment
348,Digital classrooms are becoming popular,2026-07-11 20:00:00,#Education #EdTech,2230,281,111,Positive,Education
349,What a fantastic entertainment release,2026-03-24 18:00:00,#Entertainment #Movies,420,1371,543,Negative,Entertainment
350,Digital classrooms are becoming popular,2026-02-04 04:00:00,#Education #EdTech,3390,676,734,Positive,Education
351,What an exciting match today,2026-02-16 22:00:00,#Sports #Trending,47,1127,161,Negative,Sports
352,That was an incredible performance,2026-06-12 08:00:00,#Sports #Trending,3916,1332,204,Neutral,Sports
353,The latest tech trends are everywhere,2026-01-21 04:00:00,#Technology #Tech,737,1335,587,Positive,Technology
354,Digital classrooms are becoming popular,2026-01-13 17:00:00,#Education #EdTech,1439,855,180,Negative,Education
355,The future of AI looks exciting,2026-03-05 14:00:00,#AI #ArtificialIntelligence,2376,76,9,Neutral,Artificial Intelligence
356,Smart devices are getting more powerful,2026-04-25 08:00:00,#Technology #Tech,2336,930,656,Negative,Technology
357,What a fantastic entertainment release,2026-02-15 19:00:00,#Entertainment #Movies,4135,958,279,Positive,Entertainment
358,Online learning is making education more accessible,2026-06-06 15:00:00,#Education #EdTech,2112,1471,190,Positive,Education
359,Everyone is talking about generative AI,2026-04-11 16:00:00,#AI #ArtificialIntelligence,4656,1381,775,Positive,Artificial Intelligence
360,Online learning is making education more accessible,2026-08-07 00:00:00,#Education #EdTech,3326,875,527,Negative,Education
361,New technology is changing our daily lives,2026-02-02 13:00:00,#Technology #Tech,1518,287,488,Positive,Technology
362,New technology is changing our daily lives,2026-05-11 22:00:00,#Technology #Tech,1934,914,771,Positive,Technology
363,The latest tech trends are everywhere,2026-07-15 13:00:00,#Technology #Tech,98,535,669,Positive,Technology
364,Smart devices are getting more powerful,2026-08-16 22:00:00,#Technology #Tech,973,953,314,Positive,Technology
365,Students are using technology for better learning,2026-04-17 03:00:00,#Education #EdTech,966,1308,302,Negative,Education
366,Smart devices are getting more powerful,2026-02-15 14:00:00,#Technology #Tech,3922,313,465,Positive,Technology
367,Protecting the environment is everyone's responsibility,2026-08-28 14:00:00,#Environment #ClimateChange,4504,964,775,Positive,Environment
368,What a fantastic entertainment release,2026-03-26 11:00:00,#Entertainment #Movies,4885,167,538,Neutral,Entertainment
369,That was an incredible performance,2026-01-27 15:00:00,#Sports #Trending,4626,229,63,Negative,Sports
370,What a fantastic entertainment release,2026-07-03 04:00:00,#Entertainment #Movies,1232,336,335,Positive,Entertainment
371,The latest series has everyone talking,2026-03-12 02:00:00,#Entertainment #Movies,4782,1001,93,Positive,Entertainment
372,The latest series has everyone talking,2026-06-04 18:00:00,#Entertainment #Movies,1085,1051,425,Neutral,Entertainment
373,That was an incredible performance,2026-06-07 19:00:00,#Sports #Trending,2529,1481,22,Positive,Sports
374,Fans are loving this season,2026-03-16 09:00:00,#Sports #Trending,4742,149,46,Neutral,Sports
375,Fans are loving this season,2026-07-04 17:00:00,#Sports #Trending,498,141,483,Negative,Sports
376,The future of AI looks exciting,2026-02-16 05:00:00,#AI #ArtificialIntelligence,3448,766,391,Positive,Artificial Intelligence
377,Fans are loving this season,2026-08-22 00:00:00,#Sports #Trending,4422,272,669,Positive,Sports
378,New technology is changing our daily lives,2026-07-03 09:00:00,#Technology #Tech,3224,1083,130,Positive,Technology
379,People are discussing climate change,2026-01-08 18:00:00,#Environment #ClimateChange,2449,948,689,Neutral,Environment
380,Protecting the environment is everyone's responsibility,2026-05-10 11:00:00,#Environment #ClimateChange,1886,506,471,Positive,Environment
381,New technology is changing our daily lives,2026-02-08 12:00:00,#Technology #Tech,268,1352,429,Positive,Technology
382,This new movie is trending everywhere,2026-01-23 23:00:00,#Entertainment #Movies,831,1216,34,Positive,Entertainment
383,That was an incredible performance,2026-01-17 14:00:00,#Sports #Trending,2009,90,411,Negative,Sports
384,What an exciting match today,2026-01-20 06:00:00,#Sports #Trending,1152,1031,296,Positive,Sports
385,Digital classrooms are becoming popular,2026-07-17 02:00:00,#Education #EdTech,4903,1377,328,Negative,Education
386,Students are using technology for better learning,2026-08-14 08:00:00,#Education #EdTech,4275,452,423,Neutral,Education
387,The latest tech trends are everywhere,2026-07-21 22:00:00,#Technology #Tech,1439,1282,695,Positive,Technology
388,That was an incredible performance,2026-04-28 13:00:00,#Sports #Trending,3127,1074,326,Positive,Sports
389,Sustainable living is becoming a major trend,2026-04-13 08:00:00,#Environment #ClimateChange,3088,376,772,Positive,Environment
390,The latest series has everyone talking,2026-03-18 22:00:00,#Entertainment #Movies,2468,1449,147,Positive,Entertainment
391,What an exciting match today,2026-05-23 04:00:00,#Sports #Trending,4570,1085,137,Negative,Sports
392,What an exciting match today,2026-04-23 17:00:00,#Sports #Trending,652,921,379,Positive,Sports
393,Everyone is talking about generative AI,2026-03-07 00:00:00,#AI #ArtificialIntelligence,427,549,386,Negative,Artificial Intelligence
394,Protecting the environment is everyone's responsibility,2026-01-25 20:00:00,#Environment #ClimateChange,1546,1203,741,Negative,Environment
395,Protecting the environment is everyone's responsibility,2026-03-13 07:00:00,#Environment #ClimateChange,2732,620,15,Positive,Environment
396,Online learning is making education more accessible,2026-02-10 01:00:00,#Education #EdTech,3928,496,712,Neutral,Education
397,What a fantastic entertainment release,2026-03-23 16:00:00,#Entertainment #Movies,4527,658,794,Positive,Entertainment
398,The latest tech trends are everywhere,2026-08-10 10:00:00,#Technology #Tech,2948,631,267,Positive,Technology
399,Smart devices are getting more powerful,2026-06-09 01:00:00,#Technology #Tech,812,1479,480,Neutral,Technology
400,New technology is changing our daily lives,2026-05-22 06:00:00,#Technology #Tech,379,1152,226,Positive,Technology
401,People are discussing climate change,2026-07-08 20:00:00,#Environment #ClimateChange,4789,1186,737,Positive,Environment
402,Fans are loving this season,2026-04-23 14:00:00,#Sports #Trending,1889,777,583,Positive,Sports
403,Students are using technology for better learning,2026-08-22 18:00:00,#Education #EdTech,2770,527,781,Negative,Education
404,That was an incredible performance,2026-06-17 10:00:00,#Sports #Trending,3780,344,750,Negative,Sports
405,New technology is changing our daily lives,2026-07-06 13:00:00,#Technology #Tech,4005,376,555,Positive,Technology
406,People are discussing climate change,2026-01-26 08:00:00,#Environment #ClimateChange,402,13,422,Positive,Environment
407,Digital classrooms are becoming popular,2026-02-21 13:00:00,#Education #EdTech,79,447,517,Positive,Education
408,Fans are loving this season,2026-08-06 16:00:00,#Sports #Trending,3963,1350,499,Positive,Sports
409,AI is transforming the way we learn and work,2026-05-21 09:00:00,#AI #ArtificialIntelligence,102,34,542,Positive,Artificial Intelligence
410,Sustainable living is becoming a major trend,2026-04-08 20:00:00,#Environment #ClimateChange,145,1028,714,Positive,Environment
411,Sustainable living is becoming a major trend,2026-03-03 04:00:00,#Environment #ClimateChange,881,197,536,Neutral,Environment
412,Online learning is making education more accessible,2026-06-29 16:00:00,#Education #EdTech,2072,725,273,Positive,Education
413,What an exciting match today,2026-05-19 14:00:00,#Sports #Trending,3765,1157,249,Positive,Sports
414,People are discussing climate change,2026-01-28 12:00:00,#Environment #ClimateChange,264,191,415,Positive,Environment
415,Fans are loving this season,2026-01-20 03:00:00,#Sports #Trending,82,1439,175,Negative,Sports
416,The future of AI looks exciting,2026-08-09 03:00:00,#AI #ArtificialIntelligence,2718,1158,97,Neutral,Artificial Intelligence
417,This new movie is trending everywhere,2026-08-25 07:00:00,#Entertainment #Movies,4648,973,277,Positive,Entertainment
418,AI is transforming the way we learn and work,2026-04-06 16:00:00,#AI #ArtificialIntelligence,4453,1154,673,Negative,Artificial Intelligence
419,AI is transforming the way we learn and work,2026-04-18 08:00:00,#AI #ArtificialIntelligence,133,424,601,Neutral,Artificial Intelligence
420,Digital classrooms are becoming popular,2026-01-27 06:00:00,#Education #EdTech,2456,332,577,Neutral,Education
421,Digital classrooms are becoming popular,2026-05-13 19:00:00,#Education #EdTech,4433,679,393,Neutral,Education
422,People are discussing climate change,2026-08-24 06:00:00,#Environment #ClimateChange,647,1025,763,Neutral,Environment
423,New technology is changing our daily lives,2026-03-21 05:00:00,#Technology #Tech,627,697,619,Positive,Technology
424,What a fantastic entertainment release,2026-04-22 09:00:00,#Entertainment #Movies,247,1298,279,Positive,Entertainment
425,Fans are loving this season,2026-07-08 18:00:00,#Sports #Trending,3080,884,190,Positive,Sports
426,Protecting the environment is everyone's responsibility,2026-01-30 06:00:00,#Environment #ClimateChange,2424,504,730,Negative,Environment
427,AI is transforming the way we learn and work,2026-05-10 16:00:00,#AI #ArtificialIntelligence,1268,797,324,Positive,Artificial Intelligence
428,New technology is changing our daily lives,2026-04-16 05:00:00,#Technology #Tech,3648,737,779,Positive,Technology
429,New technology is changing our daily lives,2026-03-05 23:00:00,#Technology #Tech,3535,919,570,Positive,Technology
430,What a fantastic entertainment release,2026-01-09 23:00:00,#Entertainment #Movies,739,724,567,Positive,Entertainment
431,Everyone is talking about generative AI,2026-04-21 17:00:00,#AI #ArtificialIntelligence,3160,25,298,Negative,Artificial Intelligence
432,Fans are loving this season,2026-07-10 23:00:00,#Sports #Trending,1993,1171,533,Neutral,Sports
433,Digital classrooms are becoming popular,2026-02-17 09:00:00,#Education #EdTech,2207,616,274,Positive,Education
434,What an exciting match today,2026-05-29 08:00:00,#Sports #Trending,2265,862,306,Positive,Sports
435,What an exciting match today,2026-03-26 04:00:00,#Sports #Trending,4066,1216,631,Positive,Sports
436,Students are using technology for better learning,2026-04-14 23:00:00,#Education #EdTech,60,810,340,Positive,Education
437,The latest series has everyone talking,2026-04-23 11:00:00,#Entertainment #Movies,3611,685,440,Neutral,Entertainment
438,Protecting the environment is everyone's responsibility,2026-04-20 10:00:00,#Environment #ClimateChange,4946,1423,205,Positive,Environment
439,Fans are loving this season,2026-05-16 22:00:00,#Sports #Trending,2619,596,752,Positive,Sports
440,Protecting the environment is everyone's responsibility,2026-07-16 13:00:00,#Environment #ClimateChange,1990,667,385,Positive,Environment
441,The latest tech trends are everywhere,2026-07-12 11:00:00,#Technology #Tech,1641,1212,558,Positive,Technology
442,Digital classrooms are becoming popular,2026-01-10 04:00:00,#Education #EdTech,3786,1450,214,Neutral,Education
443,Fans are loving this season,2026-01-24 14:00:00,#Sports #Trending,3356,1378,511,Neutral,Sports
444,Digital classrooms are becoming popular,2026-03-28 05:00:00,#Education #EdTech,1267,1464,433,Positive,Education
445,What an exciting match today,2026-07-24 02:00:00,#Sports #Trending,3930,1192,410,Positive,Sports
446,What a fantastic entertainment release,2026-08-25 02:00:00,#Entertainment #Movies,3431,1113,37,Neutral,Entertainment
447,Smart devices are getting more powerful,2026-07-03 06:00:00,#Technology #Tech,4869,1306,87,Neutral,Technology
448,AI is transforming the way we learn and work,2026-05-02 04:00:00,#AI #ArtificialIntelligence,1367,1325,627,Negative,Artificial Intelligence
449,Everyone is talking about generative AI,2026-08-20 05:00:00,#AI #ArtificialIntelligence,3278,679,440,Neutral,Artificial Intelligence
450,AI is transforming the way we learn and work,2026-03-17 18:00:00,#AI #ArtificialIntelligence,4188,1062,571,Positive,Artificial Intelligence
451,What a fantastic entertainment release,2026-06-02 03:00:00,#Entertainment #Movies,3069,801,474,Negative,Entertainment
452,Protecting the environment is everyone's responsibility,2026-02-21 10:00:00,#Environment #ClimateChange,2830,50,494,Negative,Environment
453,The future of AI looks exciting,2026-01-30 07:00:00,#AI #ArtificialIntelligence,955,1495,145,Positive,Artificial Intelligence
454,The latest tech trends are everywhere,2026-03-12 14:00:00,#Technology #Tech,4273,989,356,Positive,Technology
455,What an exciting match today,2026-08-26 19:00:00,#Sports #Trending,3711,653,68,Positive,Sports
456,New technology is changing our daily lives,2026-02-09 06:00:00,#Technology #Tech,190,702,663,Neutral,Technology
457,Everyone is talking about generative AI,2026-03-25 06:00:00,#AI #ArtificialIntelligence,4232,357,565,Neutral,Artificial Intelligence
458,Students are using technology for better learning,2026-06-07 17:00:00,#Education #EdTech,1904,829,644,Negative,Education
459,Online learning is making education more accessible,2026-05-28 12:00:00,#Education #EdTech,3245,59,755,Negative,Education
460,This new movie is trending everywhere,2026-05-27 14:00:00,#Entertainment #Movies,3190,9,721,Positive,Entertainment
461,Online learning is making education more accessible,2026-01-22 08:00:00,#Education #EdTech,4734,208,549,Positive,Education
462,Students are using technology for better learning,2026-06-06 04:00:00,#Education #EdTech,938,537,686,Positive,Education
463,That was an incredible performance,2026-04-17 23:00:00,#Sports #Trending,4895,795,625,Neutral,Sports
464,That was an incredible performance,2026-05-01 03:00:00,#Sports #Trending,3755,1264,176,Positive,Sports
465,Protecting the environment is everyone's responsibility,2026-07-29 17:00:00,#Environment #ClimateChange,4839,173,688,Neutral,Environment
466,Students are using technology for better learning,2026-04-15 05:00:00,#Education #EdTech,963,374,382,Positive,Education
467,People are discussing climate change,2026-05-23 18:00:00,#Environment #ClimateChange,4890,282,588,Positive,Environment
468,Fans are loving this season,2026-08-05 22:00:00,#Sports #Trending,4407,1420,660,Positive,Sports
469,Digital classrooms are becoming popular,2026-04-09 14:00:00,#Education #EdTech,1154,383,322,Positive,Education
470,That was an incredible performance,2026-05-03 13:00:00,#Sports #Trending,83,992,139,Positive,Sports
471,Students are using technology for better learning,2026-06-22 12:00:00,#Education #EdTech,4059,837,701,Neutral,Education
472,Fans are loving this season,2026-06-01 12:00:00,#Sports #Trending,4008,342,84,Negative,Sports
473,This new movie is trending everywhere,2026-03-17 06:00:00,#Entertainment #Movies,2397,66,281,Neutral,Entertainment
474,Digital classrooms are becoming popular,2026-06-06 02:00:00,#Education #EdTech,4638,1014,562,Positive,Education
475,This new movie is trending everywhere,2026-04-02 10:00:00,#Entertainment #Movies,4454,751,555,Negative,Entertainment
476,Everyone is talking about generative AI,2026-03-16 14:00:00,#AI #ArtificialIntelligence,3487,209,753,Positive,Artificial Intelligence
477,People are discussing climate change,2026-01-12 00:00:00,#Environment #ClimateChange,3689,538,356,Positive,Environment
478,The future of AI looks exciting,2026-02-10 01:00:00,#AI #ArtificialIntelligence,1946,429,755,Neutral,Artificial Intelligence
479,What a fantastic entertainment release,2026-07-28 07:00:00,#Entertainment #Movies,3512,339,630,Positive,Entertainment
480,Online learning is making education more accessible,2026-01-21 06:00:00,#Education #EdTech,4675,718,545,Neutral,Education
481,Smart devices are getting more powerful,2026-04-21 11:00:00,#Technology #Tech,2402,592,586,Positive,Technology
482,Smart devices are getting more powerful,2026-08-20 20:00:00,#Technology #Tech,785,277,768,Neutral,Technology
483,What an exciting match today,2026-08-12 21:00:00,#Sports #Trending,1044,1436,135,Neutral,Sports
484,Online learning is making education more accessible,2026-03-26 11:00:00,#Education #EdTech,3222,1002,145,Negative,Education
485,What a fantastic entertainment release,2026-05-22 09:00:00,#Entertainment #Movies,3078,925,77,Positive,Entertainment
486,People are discussing climate change,2026-04-05 23:00:00,#Environment #ClimateChange,3028,931,499,Positive,Environment
487,Smart devices are getting more powerful,2026-02-01 19:00:00,#Technology #Tech,3760,1300,680,Positive,Technology
488,Sustainable living is becoming a major trend,2026-07-02 10:00:00,#Environment #ClimateChange,3263,446,439,Neutral,Environment
489,Students are using technology for better learning,2026-04-07 19:00:00,#Education #EdTech,2771,1120,591,Positive,Education
490,Digital classrooms are becoming popular,2026-04-28 07:00:00,#Education #EdTech,401,94,101,Neutral,Education
491,Sustainable living is becoming a major trend,2026-02-23 22:00:00,#Environment #ClimateChange,3620,934,0,Positive,Environment
492,What an exciting match today,2026-02-15 00:00:00,#Sports #Trending,2477,325,280,Neutral,Sports
493,Everyone is talking about generative AI,2026-01-29 03:00:00,#AI #ArtificialIntelligence,3051,1360,664,Positive,Artificial Intelligence
494,Online learning is making education more accessible,2026-04-15 06:00:00,#Education #EdTech,1923,879,671,Positive,Education
495,Everyone is talking about generative AI,2026-03-14 20:00:00,#AI #ArtificialIntelligence,3911,159,135,Positive,Artificial Intelligence
496,This new movie is trending everywhere,2026-06-01 21:00:00,#Entertainment #Movies,81,16,712,Positive,Entertainment
497,New technology is changing our daily lives,2026-05-25 03:00:00,#Technology #Tech,1087,978,72,Neutral,Technology
498,Students are using technology for better learning,2026-02-04 23:00:00,#Education #EdTech,850,641,376,Positive,Education
499,New technology is changing our daily lives,2026-02-15 10:00:00,#Technology #Tech,1175,140,543,Positive,Technology
500,This new movie is trending everywhere,2026-02-26 00:00:00,#Entertainment #Movies,3610,719,739,Negative,Entertainment
